method,relaxations,time,distance

Dijkstra,398582,0.2355947,16218.0

Dijkstra,632848,0.1292153,9451.0

Dijkstra,869936,0.1317135,9247.0

Dijkstra,958795,0.0547944,4365.0

Dijkstra,1463506,0.2395373,14816.0

Dijkstra,1959692,0.2193193,14849.0

Dijkstra,2256410,0.1470079,7482.0

Dijkstra,2766602,0.2272013,19889.0

Dijkstra,3233052,0.2169155,10083.0

Dijkstra,3285447,0.0304148,3814.0

Dijkstra,3709184,0.2250284,15080.0

Dijkstra,4196097,0.2113973,17458.0

Dijkstra,4254015,0.0351878,2616.0

Dijkstra,4291410,0.0250164,1786.0

Dijkstra,4465264,0.0884197,4711.0

Dijkstra,4902847,0.1939287,17124.0

Dijkstra,5316499,0.1819265,13973.0

Dijkstra,5736945,0.2639634,12182.0

Dijkstra,6080827,0.1470898,8770.0

Dijkstra,6368636,0.1179929,8647.0

Dijkstra,6629424,0.1113906,6095.0

Dijkstra,6642780,0.0066621,1552.0

Dijkstra,7152099,0.2171748,15203.0

Dijkstra,7442743,0.1259445,6774.0

Dijkstra,7995519,0.226667,20060.0

Dijkstra,8552500,0.273404,18112.0

Dijkstra,8686681,0.0589489,5308.0

Dijkstra,8953535,0.1208782,6090.0

Dijkstra,9371394,0.1869183,16540.0

Dijkstra,9698263,0.1345475,15324.0

Dijkstra,9872104,0.0748999,6001.0

Dijkstra,10203780,0.1433467,8994.0

Dijkstra,10490178,0.1072878,11552.0

Dijkstra,10534562,0.0172863,3951.0

Dijkstra,10606788,0.0285072,3447.0

Dijkstra,11100761,0.1987468,20316.0

Dijkstra,11189184,0.0431297,6162.0

Dijkstra,11606329,0.1947698,11453.0

Dijkstra,11629467,0.0137309,1424.0

Dijkstra,11644812,0.0135381,1239.0

Dijkstra,11923220,0.1224155,9086.0

Dijkstra,12349053,0.2065475,13070.0

Dijkstra,12389125,0.0144969,5747.0

Dijkstra,12561847,0.0800452,4764.0

Dijkstra,13002697,0.1813186,11976.0

Dijkstra,13343344,0.1473193,12268.0

Dijkstra,13634400,0.1295457,6560.0

Dijkstra,13966179,0.1439864,10151.0

Dijkstra,14441678,0.2068881,13414.0

Dijkstra,14871718,0.2325028,18498.0

Dijkstra,14900083,0.0113102,2397.0

Dijkstra,15186392,0.1170419,8762.0

Dijkstra,15199916,0.0057572,1973.0

Dijkstra,15408337,0.0772697,9712.0

Dijkstra,15916188,0.2254043,14337.0

Dijkstra,16350626,0.1724527,17231.0

Dijkstra,16627917,0.1235218,6239.0

Dijkstra,16694429,0.027656,6411.0

Dijkstra,16972150,0.1120475,11446.0

Dijkstra,17296092,0.1297612,10142.0

Dijkstra,17830394,0.2369581,16519.0

Dijkstra,18305159,0.2073577,17638.0

Dijkstra,18874467,0.2445113,23988.0

Dijkstra,19155758,0.1273196,7532.0

Dijkstra,19408909,0.0968003,12210.0

Dijkstra,19981481,0.304558,14033.0

Dijkstra,20329319,0.1930304,7788.0

Dijkstra,20653952,0.1490739,11459.0

Dijkstra,20655570,0.0016202,329.0

Dijkstra,20872092,0.0951501,7497.0

Dijkstra,21414835,0.2591514,12352.0

Dijkstra,21653174,0.101892,6689.0

Dijkstra,22067895,0.2067781,17500.0

Dijkstra,22334989,0.1255568,8328.0

Dijkstra,22885323,0.2463884,22036.0

Dijkstra,23079652,0.1017205,4357.0

Dijkstra,23134599,0.0268444,1805.0

Dijkstra,23340071,0.0981607,7322.0

Dijkstra,23862588,0.2368888,18196.0

Dijkstra,24113764,0.1053793,14625.0

Dijkstra,24144029,0.0117467,2416.0

Dijkstra,24223034,0.0322722,2531.0

Dijkstra,24785154,0.3016508,13482.0

Dijkstra,25042991,0.1194803,5629.0

Dijkstra,25396087,0.1786098,10801.0

Dijkstra,25581466,0.1001117,5130.0

Dijkstra,26153758,0.3115587,17303.0

Dijkstra,26593646,0.2167857,13074.0

Dijkstra,26992759,0.1873868,15084.0

Dijkstra,27453313,0.2457649,9864.0

Dijkstra,27805911,0.1537094,12326.0

Dijkstra,27862702,0.022255,4367.0

Dijkstra,28118476,0.1464609,5744.0

Dijkstra,28476514,0.1785472,10356.0

Dijkstra,28710781,0.1330605,11287.0

Dijkstra,28962591,0.1124217,14357.0

Dijkstra,29116290,0.065407,5711.0

Dijkstra,29565449,0.2424618,14545.0

Dijkstra,29594143,0.0160967,2300.0

Dijkstra,29638357,0.0599228,3493.0

Dijkstra,29650005,0.0088484,1651.0

Dijkstra,29836134,0.1136721,4766.0

Dijkstra,29873298,0.0560666,1260.0

Dijkstra,29979708,0.0666083,7278.0

Dijkstra,30287163,0.2137309,6563.0

Dijkstra,30523576,0.1256271,7416.0

Dijkstra,30551560,0.0530443,2920.0

Dijkstra,31051766,0.3136084,11063.0

Dijkstra,31505944,0.2496018,12791.0

Dijkstra,31784121,0.1989933,6445.0

Dijkstra,32110909,0.1956144,12512.0

Dijkstra,32486785,0.2223209,16650.0

Dijkstra,32684851,0.1091212,7418.0

Dijkstra,33121781,0.2520994,12828.0

Dijkstra,33658658,0.2858576,15632.0

Dijkstra,34170012,0.286624,17741.0

Dijkstra,34531017,0.1793575,9662.0

Dijkstra,34753858,0.1315574,6763.0

Dijkstra,35026033,0.1096596,13193.0

Dijkstra,35462045,0.2558819,12993.0

Dijkstra,35750668,0.161939,6510.0

Dijkstra,36264189,0.3092367,17536.0

Dijkstra,36363078,0.0554346,3547.0

Dijkstra,36855730,0.2369833,18243.0

Dijkstra,37413364,0.2545563,12387.0

Dijkstra,37611560,0.0896106,8214.0

Dijkstra,38116488,0.2952387,18892.0

Dijkstra,38476671,0.4587013,15419.0

Dijkstra,39047737,0.6273341,15033.0

Dijkstra,39401364,0.273555,7716.0

Dijkstra,39841819,0.2396943,16861.0

Dijkstra,40323259,0.2312434,17218.0

Dijkstra,40459328,0.064195,3494.0

Dijkstra,40519549,0.0574397,2164.0

Dijkstra,40596747,0.0428292,6916.0

Dijkstra,40950869,0.1860384,13004.0

Dijkstra,41033042,0.0418178,4583.0

Dijkstra,41553371,0.2645566,12421.0

Dijkstra,41813426,0.1290255,7571.0

Dijkstra,42105723,0.1531399,13392.0

Dijkstra,42236716,0.0658095,7858.0

Dijkstra,42743876,0.2008913,20090.0

Dijkstra,42972288,0.1195646,7539.0

Dijkstra,43483252,0.244582,13742.0

Dijkstra,43584866,0.0411704,6571.0

Dijkstra,43821248,0.1094377,6631.0

Dijkstra,44127582,0.1400737,6935.0

Dijkstra,44514996,0.1865932,8917.0

Dijkstra,44777367,0.1079651,8947.0

Dijkstra,44975619,0.0839406,6623.0

Dijkstra,45224078,0.1160216,5942.0

Dijkstra,45289139,0.0255943,4453.0

Dijkstra,45849855,0.2465797,14836.0

Dijkstra,45912065,0.02696,3742.0

Dijkstra,46387587,0.2599529,19052.0

Dijkstra,46630740,0.1122502,6145.0

Dijkstra,46949859,0.1475322,11407.0

Dijkstra,47300730,0.2058712,7401.0

Dijkstra,47598977,0.2424424,12613.0

Dijkstra,47893104,0.1348976,9297.0

Dijkstra,48217217,0.1416383,12630.0

Dijkstra,48524282,0.1390753,11492.0

Dijkstra,48928721,0.2120811,15224.0

Dijkstra,49435347,0.2282627,20056.0

Dijkstra,49741243,0.1292472,13255.0

Dijkstra,50199380,0.1950461,18243.0

Dijkstra,50263705,0.0233802,5776.0

Dijkstra,50459833,0.0962925,6185.0

Dijkstra,50978990,0.2238721,15398.0

Dijkstra,51364082,0.1860131,13761.0

Dijkstra,51812432,0.203807,16842.0

Dijkstra,52196037,0.1577351,13827.0

Dijkstra,52226674,0.0154969,2629.0

Dijkstra,52376393,0.0571659,5981.0

Dijkstra,52906800,0.2213901,21755.0

Dijkstra,53253387,0.1310298,15398.0

Dijkstra,53306033,0.0192709,2859.0

Dijkstra,53463918,0.0681005,4110.0

Dijkstra,53517535,0.0211189,3910.0

Dijkstra,53795372,0.1240788,8248.0

Dijkstra,53887865,0.0343435,6398.0

Dijkstra,54230633,0.1412446,12701.0

Dijkstra,54756625,0.2169903,19452.0

Dijkstra,55124861,0.1849104,8828.0

Dijkstra,55476964,0.1607351,7360.0

Dijkstra,55694794,0.0969624,7751.0

Dijkstra,56258261,0.2557749,19573.0

Dijkstra,56375068,0.0532493,5676.0

Dijkstra,56825886,0.2063434,12976.0

Dijkstra,56903853,0.0393792,3477.0

Dijkstra,57177273,0.1758687,8254.0

Dijkstra,57351606,0.1027028,6820.0

Dijkstra,57389135,0.0216028,1691.0

Dijkstra,57597549,0.1231851,6340.0

Dijkstra,57630415,0.0201384,2782.0

Dijkstra,57876756,0.1211938,11969.0

Dijkstra,58439718,0.3340428,20676.0

Dijkstra,58652938,0.0976315,7511.0

Dijkstra,59087708,0.216399,14717.0

Dijkstra,59421611,0.2118993,13060.0

Dijkstra,59450650,0.0216346,3888.0

Dijkstra,59740609,0.152324,14068.0

Dijkstra,59889784,0.0793442,4573.0

Dijkstra,60406249,0.2892284,15834.0

Dijkstra,60851529,0.2277825,17697.0

Dijkstra,61276002,0.2646716,11070.0

Dijkstra,61443910,0.1338675,4381.0

Dijkstra,61921136,0.2970686,10758.0

Dijkstra,62238438,0.1698938,9809.0

Dijkstra,62489135,0.1339408,5902.0

Dijkstra,63061636,0.2941511,20524.0

Dijkstra,63083850,0.0095878,3955.0

Dijkstra,63618349,0.2551264,20408.0

Dijkstra,64178606,0.2690685,17212.0

Dijkstra,64603976,0.2054424,15643.0

Dijkstra,64637764,0.017753,2485.0

Dijkstra,64965153,0.1422792,10673.0

Dijkstra,65391716,0.2389297,16222.0

Dijkstra,65398747,0.0034189,1126.0

Dijkstra,65819959,0.2859601,9439.0

Dijkstra,66145615,0.292313,8006.0

Dijkstra,66175071,0.0207094,3179.0

Dijkstra,66492438,0.2411853,8021.0

Dijkstra,66732270,0.1918339,6751.0

Dijkstra,66983574,0.1553686,8803.0

Dijkstra,67000517,0.0119437,1455.0

Dijkstra,67106611,0.0649164,3897.0

Dijkstra,67194379,0.0547637,3242.0

Dijkstra,67416033,0.145606,9187.0

Dijkstra,67729692,0.2916684,13018.0

Dijkstra,68291300,0.5007526,14476.0

Dijkstra,68623199,0.2422238,9393.0

Dijkstra,68882043,0.1426915,6600.0

Dijkstra,69452026,0.2513884,25228.0

Dijkstra,69564281,0.051486,4465.0

Dijkstra,69934137,0.1604266,11747.0

Dijkstra,70182195,0.0983145,12476.0

Dijkstra,70536182,0.1807178,7325.0

Dijkstra,70981378,1.3789208,10617.0

Dijkstra,71324936,0.5032619,11643.0

Dijkstra,71517259,0.19803,8794.0

Dijkstra,72052952,0.5004164,19256.0

Dijkstra,72187756,0.0664039,6167.0

Dijkstra,72291120,0.6318091,6138.0

Dijkstra,72565954,0.3948258,10562.0

Dijkstra,72580901,0.0138866,2067.0

Dijkstra,72804640,0.1863731,10089.0

Dijkstra,72836249,0.0248151,1422.0

Dijkstra,73009626,0.1840841,7132.0

Dijkstra,73344796,0.2602554,8559.0

Dijkstra,73891842,0.4891655,19844.0

Dijkstra,74002665,0.0835219,5651.0

Dijkstra,74304654,0.2698208,8438.0

Dijkstra,74801048,0.5384885,10624.0

Dijkstra,74844665,0.0437744,2520.0

Dijkstra,74875944,0.0253179,4040.0

Dijkstra,74960926,0.0571746,4613.0

Dijkstra,75402083,0.391284,12219.0

Dijkstra,75912372,0.5227214,16969.0

Dijkstra,76195039,0.3044019,6209.0

Dijkstra,76496977,0.3012152,6396.0

Dijkstra,76790326,0.233073,6378.0

Dijkstra,77278958,0.2979533,17502.0

Dijkstra,77713952,0.2144905,14073.0

Dijkstra,77980857,0.1003535,13636.0

Dijkstra,78107883,0.0660549,4906.0

Dijkstra,78279855,0.1111831,7229.0

Dijkstra,78499140,0.1209192,8776.0

Dijkstra,79063533,0.2665526,16557.0

Dijkstra,79392790,0.1713592,9112.0

Dijkstra,79728473,0.1722199,10280.0

Dijkstra,79946380,0.1148552,5329.0

Dijkstra,80094562,0.0768678,7860.0

Dijkstra,80281511,0.0870654,8503.0

Dijkstra,80294302,0.0106625,1422.0

Dijkstra,80555578,0.1594169,13748.0

Dijkstra,80973899,0.2153171,14542.0

Dijkstra,81350943,0.274823,14468.0

Dijkstra,81903076,0.3155218,16609.0

Dijkstra,82079629,0.1214386,8062.0

Dijkstra,82348746,0.1490556,6742.0

Dijkstra,82764568,0.3263094,15330.0

Dijkstra,82804561,0.031804,4929.0

Dijkstra,82825348,0.0137571,1778.0

Dijkstra,82838577,0.0077451,3168.0

Dijkstra,83412266,0.3930846,19633.0

Dijkstra,83606204,0.1078179,11534.0

Dijkstra,84178024,0.3102984,14309.0

Dijkstra,84642484,0.266677,14975.0

Dijkstra,84902001,0.1629153,9527.0

Dijkstra,84902916,0.0011986,286.0

Dijkstra,84984374,0.0368961,6418.0

Dijkstra,85391347,0.2277184,14403.0

Dijkstra,85932418,0.3287027,18830.0

Dijkstra,86106888,0.1059867,4114.0

Dijkstra,86562934,0.2166451,18973.0

Dijkstra,86824458,0.1716346,7005.0

Dijkstra,87172966,0.2349584,9363.0

Dijkstra,87546255,0.2608471,13929.0

Dijkstra,87775938,0.1507259,12684.0

Dijkstra,87999043,0.1224194,8668.0

Dijkstra,88474109,0.2764278,14543.0

Dijkstra,88961410,0.2996548,15830.0

Dijkstra,88982313,0.0145954,2469.0

Dijkstra,89204597,0.140409,7102.0

Dijkstra,89544848,0.2126815,12088.0

Dijkstra,89940063,0.2587771,17083.0

Dijkstra,90232406,0.2080596,8901.0

Dijkstra,90677262,0.259666,11439.0

Dijkstra,91182003,0.3974791,11527.0

Dijkstra,91597002,0.3887137,14557.0

Dijkstra,91647627,0.0401182,2514.0

Dijkstra,91672330,0.0181832,1750.0

Dijkstra,91795730,0.086335,4162.0

Dijkstra,91808488,0.0085965,1990.0

Dijkstra,91832055,0.0167257,2251.0

Dijkstra,91957079,0.0869687,6183.0

Dijkstra,92322667,0.2795409,9098.0

Dijkstra,92601651,0.491997,8881.0

Dijkstra,92803957,0.1850346,7236.0

Dijkstra,92807906,0.0030132,1224.0

Dijkstra,93114924,0.264385,8471.0

Dijkstra,93455363,0.2343722,7384.0

Dijkstra,93979055,0.2581311,14827.0

Dijkstra,94242493,0.1135599,8158.0

Dijkstra,94265582,0.0126628,2761.0

Dijkstra,94396525,0.0621113,5755.0

Dijkstra,94934494,0.3021503,17816.0

Dijkstra,95115825,0.1142039,7442.0

Dijkstra,95446180,0.1451699,12104.0

Dijkstra,95663970,0.138177,8332.0

Dijkstra,95819844,0.0967846,5231.0

Dijkstra,96034556,0.1827618,7435.0

Dijkstra,96142374,0.1004017,4852.0

Dijkstra,96616726,0.2699916,17229.0

Dijkstra,96853961,0.1077133,12097.0

Dijkstra,97275083,0.2365488,12478.0

Dijkstra,97637533,0.2096592,8142.0

Dijkstra,97934372,0.1479404,10245.0

Dijkstra,98503287,0.3362774,22311.0

Dijkstra,98916773,0.2288377,11817.0

Dijkstra,99135350,0.1251742,5340.0

Dijkstra,99695031,0.2971924,15403.0

Dijkstra,99840948,0.0793185,4212.0

Dijkstra,100364906,0.2904979,16644.0

Dijkstra,100552754,0.127307,4877.0

Dijkstra,100867931,0.2118484,15940.0

Dijkstra,100928150,0.0307577,6731.0

Dijkstra,101285773,0.1942781,11137.0

Dijkstra,101323931,0.0196082,2691.0

Dijkstra,101486672,0.1229601,6390.0

Dijkstra,101727385,0.148792,10356.0

Dijkstra,102188207,0.2936152,21087.0

Dijkstra,102315286,0.0876427,3510.0

Dijkstra,102318494,0.0027362,263.0

Dijkstra,102798908,0.4164792,13091.0

Dijkstra,102870259,0.0909048,3468.0

Dijkstra,103252844,0.5675003,13037.0

Dijkstra,103524093,0.2914284,10407.0

Dijkstra,103585162,0.0720033,3217.0

Dijkstra,104029090,0.4454222,11606.0

Dijkstra,104164118,0.1657893,4947.0

Dijkstra,104512583,0.312218,7718.0

Dijkstra,104651534,0.1411702,3605.0

Dijkstra,104760562,0.0929843,6110.0

Dijkstra,104859257,0.1190449,3010.0

Dijkstra,104955384,0.0826534,3240.0

Dijkstra,105000317,0.0445008,3400.0

Dijkstra,105427501,0.3995786,14347.0

Dijkstra,105760189,0.4348001,9117.0

Dijkstra,106231036,0.6041589,17527.0

Dijkstra,106294065,0.0558382,2872.0

Dijkstra,106310220,0.0123523,2698.0

Dijkstra,106464197,0.1459046,7466.0

Dijkstra,106567733,0.0921604,7264.0

Dijkstra,106674796,0.0774219,4448.0

Dijkstra,107217517,0.4991492,13989.0

Dijkstra,107760116,0.3773931,21138.0

Dijkstra,107879604,0.0802447,5957.0

Dijkstra,108005367,0.0747022,4621.0

Dijkstra,108432781,0.2329228,13047.0

Dijkstra,108950496,0.4235835,18741.0

Dijkstra,109173940,0.158724,7048.0

Dijkstra,109474625,0.1627464,9007.0

Dijkstra,110028948,0.4023831,18759.0

Dijkstra,110472051,0.38798,10392.0

Dijkstra,110726794,0.1637394,8293.0

Dijkstra,111132636,0.2312306,13536.0

Dijkstra,111442620,0.244183,8932.0

Dijkstra,111566935,0.0864022,7488.0

Dijkstra,111766371,0.1390649,7521.0

Dijkstra,112130009,0.4256,7900.0

Dijkstra,112367846,0.2594504,6455.0

Dijkstra,112427775,0.0558085,4018.0

Dijkstra,112824661,0.3352957,9191.0

Dijkstra,113320505,0.59911,14560.0

Dijkstra,113534003,0.2588915,10835.0

Dijkstra,113847129,0.296025,9454.0

Dijkstra,114105580,0.2615031,8459.0

Dijkstra,114512964,0.2469708,16139.0

Dijkstra,114581446,0.0506122,2247.0

Dijkstra,115042817,0.3439573,10429.0

Dijkstra,115595221,0.5433187,14831.0

Dijkstra,115733188,0.0774741,6958.0

Dijkstra,116045842,0.1942482,10407.0

Dijkstra,116143758,0.0687508,4892.0

Dijkstra,116526357,0.2625039,13581.0

Dijkstra,116782921,0.1558946,6645.0

Dijkstra,117267959,0.2431365,15950.0

Dijkstra,117797817,0.3399964,14552.0

Dijkstra,118284509,0.3286019,13308.0

Dijkstra,118284878,0.0030859,382.0

Dijkstra,118564404,0.199836,11121.0

Dijkstra,118663958,0.0673395,4926.0

Dijkstra,118997696,0.2109426,14811.0

Dijkstra,119494620,0.3298038,16118.0

Dijkstra,119995598,0.2994508,16080.0

Dijkstra,120045713,0.0258069,2286.0

Dijkstra,120602504,0.3350322,12682.0

Dijkstra,120943969,0.205366,13051.0

Dijkstra,121313138,0.2123293,12474.0

Dijkstra,121484359,0.1341841,5343.0

Dijkstra,121940003,0.2513153,11839.0

Dijkstra,121976979,0.0205144,3379.0

Dijkstra,122534369,0.3159509,13770.0

Dijkstra,122617973,0.0476596,3390.0

Dijkstra,123109421,0.3096725,11030.0

Dijkstra,123622463,0.4167267,14362.0

Dijkstra,124006605,0.4948026,9734.0

Dijkstra,124168631,0.1359744,5211.0

Dijkstra,124401135,0.1469106,7819.0

Dijkstra,124693105,0.1954202,10362.0

Dijkstra,125262846,0.3141678,17418.0

Dijkstra,125550943,0.1457266,7198.0

Dijkstra,125796362,0.1028058,12066.0

Dijkstra,126131080,0.1602898,14095.0

Dijkstra,126304699,0.0740366,6413.0

Dijkstra,126511133,0.0936222,7451.0

Dijkstra,127047130,0.2539013,16867.0

Dijkstra,127617195,0.3042065,17082.0

Dijkstra,128033268,0.2032479,14679.0

Dijkstra,128435670,0.1727744,14868.0

Dijkstra,128902552,0.2043213,18128.0

Dijkstra,129099999,0.0796905,7401.0

Dijkstra,129533527,0.2012427,10627.0

Dijkstra,129646899,0.0508758,4578.0

Dijkstra,129849215,0.0905728,5296.0

Dijkstra,130017331,0.0734065,7971.0

Dijkstra,130324619,0.1394355,7386.0

Dijkstra,130775453,0.21558,19015.0

Dijkstra,130990684,0.1019309,8358.0

Dijkstra,131554090,0.2730695,13397.0

Dijkstra,131760935,0.0869313,7444.0

Dijkstra,132041596,0.1278786,6848.0

Dijkstra,132503795,0.2010269,16350.0

Dijkstra,132804670,0.1243964,13823.0

Dijkstra,133369648,0.2471812,23005.0

Dijkstra,133485191,0.0483615,4656.0

Dijkstra,134018176,0.2609308,11916.0

Dijkstra,134570521,0.3351594,18469.0

Dijkstra,134652256,0.0368887,2865.0

Dijkstra,134766539,0.04587,4478.0

Dijkstra,135220668,0.196842,15183.0

Dijkstra,135346952,0.0559512,3792.0

Dijkstra,135878439,0.2364599,15308.0

Dijkstra,136019575,0.0599477,5299.0

Dijkstra,136469672,0.215606,9648.0

Dijkstra,136804716,0.1889679,7773.0

Dijkstra,136821324,0.0073902,1119.0

Dijkstra,137264079,0.1835141,16557.0

Dijkstra,137274186,0.0069413,1110.0

Dijkstra,137731057,0.226376,12651.0

Dijkstra,137777950,0.0243074,3118.0

Dijkstra,137792522,0.0082909,1899.0

Dijkstra,137931217,0.090797,4751.0

Dijkstra,138393507,0.24722,15015.0

Dijkstra,138592348,0.0958163,9233.0

Dijkstra,139050416,0.2183601,14428.0

Dijkstra,139372573,0.1678768,10160.0

Dijkstra,139560295,0.0978894,5356.0

Dijkstra,140067809,0.2517665,20110.0

Dijkstra,140157420,0.0369153,2958.0

Dijkstra,140715378,0.296988,15120.0

Dijkstra,140986233,0.17156,6022.0

Dijkstra,141355132,0.1875116,11448.0

Dijkstra,141633715,0.164058,10759.0

Dijkstra,141746722,0.0696119,3382.0

Dijkstra,142035029,0.1870604,8564.0

Dijkstra,142328351,0.1553713,11003.0

Dijkstra,142731292,0.2476093,13246.0

Dijkstra,142734316,0.0044654,353.0

Dijkstra,143172448,0.3189888,10378.0

Dijkstra,143698903,0.3723329,14128.0

Dijkstra,143979474,0.1758997,8511.0

Dijkstra,144145597,0.0963953,4676.0

Dijkstra,144628353,0.2627515,17356.0

Dijkstra,144908280,0.2422322,5849.0

Dijkstra,145102878,0.1338182,8789.0

Dijkstra,145117607,0.0161929,2258.0

Dijkstra,145516088,0.3394818,12034.0

Dijkstra,145942730,0.3591946,9470.0

Dijkstra,146185899,0.1893992,10997.0

Dijkstra,146641619,0.3952798,19288.0

Dijkstra,146987940,0.3037345,15093.0

Dijkstra,147070791,0.0704669,2844.0

Dijkstra,147615694,0.5009581,17484.0

Dijkstra,148096184,0.483599,15556.0

Dijkstra,148457683,0.272644,8207.0

Dijkstra,148975982,0.3728935,22158.0

Dijkstra,149353240,0.2226177,7937.0

Dijkstra,149683208,0.2461189,9145.0

Dijkstra,149818557,0.1153823,3955.0

Dijkstra,150186062,0.3299879,9532.0

Dijkstra,150557122,0.3602637,8112.0

Dijkstra,150705368,0.1027095,4089.0

Dijkstra,151232315,0.348163,12903.0

Dijkstra,151549519,0.192205,13317.0

Dijkstra,151589506,0.0302788,4134.0

Dijkstra,151855464,0.174787,9536.0

Dijkstra,151922488,0.054362,4132.0

Dijkstra,152309847,0.4468956,11430.0

Dijkstra,152803787,0.3646733,17324.0

Dijkstra,153214664,0.232018,15044.0

Dijkstra,153271953,0.1291125,2716.0

Dijkstra,153389137,0.0879356,4962.0

Dijkstra,153404362,0.0115117,1247.0

Dijkstra,153844074,0.3265856,14778.0

Dijkstra,154360607,0.4329992,16293.0

Dijkstra,154380008,0.0163476,3888.0

Dijkstra,154794944,0.3704761,10136.0

Dijkstra,155028798,0.2314759,7521.0

Dijkstra,155158309,0.150447,4360.0

Dijkstra,155310680,0.1859474,4290.0

Dijkstra,155714736,0.4225077,9652.0

Dijkstra,156055835,0.4578334,8341.0

Dijkstra,156391633,0.313167,16147.0

Dijkstra,156469253,0.0754367,4659.0

Dijkstra,156828189,0.3991069,13199.0

Dijkstra,156986177,0.3363651,5199.0

Dijkstra,157388173,0.3813862,15009.0

Dijkstra,157534463,0.1617252,6427.0

Dijkstra,157680461,0.1358003,4503.0

Dijkstra,157731065,0.0351665,3021.0

Dijkstra,158121399,0.278316,15139.0

Dijkstra,158531695,0.2947022,13564.0

Dijkstra,158586865,0.0485747,3487.0

Dijkstra,158865959,0.2321352,6521.0

Dijkstra,159018318,0.0949718,6094.0

Dijkstra,159282902,0.3019957,6409.0

Dijkstra,159672021,0.4726999,10761.0

Dijkstra,159751206,0.0685179,2686.0

Dijkstra,159778761,0.0262058,1869.0

Dijkstra,160202028,0.3346511,13080.0

Dijkstra,160612832,0.3280232,14880.0

Dijkstra,161132670,0.4164473,19024.0

Dijkstra,161386416,0.4487473,9843.0

Dijkstra,161569453,0.1830504,4665.0

Dijkstra,161586581,0.0194305,2331.0

Dijkstra,161905684,0.3378583,13292.0

Dijkstra,162199514,0.2718043,11493.0

Dijkstra,162539893,0.3460928,9126.0

Dijkstra,162661965,0.103346,5892.0

Dijkstra,162812073,0.131629,6489.0

Dijkstra,163074409,0.3625442,8187.0

Dijkstra,163483173,0.3235922,18005.0

Dijkstra,163714452,0.2241256,6215.0

Dijkstra,164103828,0.4131025,12205.0

Dijkstra,164260776,0.1852087,10373.0

Dijkstra,164656868,0.3490145,15029.0

Dijkstra,165147015,0.3862371,10993.0

Dijkstra,165293128,0.1037498,4116.0

Dijkstra,165780349,0.3563094,20249.0

Dijkstra,166301395,0.4134577,18996.0

Dijkstra,166742174,0.3713324,12318.0

Dijkstra,167128987,0.2663994,8813.0

Dijkstra,167388922,0.1785195,6556.0

Dijkstra,167467063,0.0474787,2933.0

Dijkstra,167907380,0.2689822,15728.0

Dijkstra,168010238,0.0595771,4788.0

Dijkstra,168215457,0.1363021,4772.0

Dijkstra,168694003,0.2930816,15864.0

Dijkstra,168734809,0.0215773,3094.0

Dijkstra,169065584,0.2550834,10733.0

Dijkstra,169154989,0.1334664,3231.0

Dijkstra,169180232,0.0216434,4610.0

Dijkstra,169532358,0.3598183,7730.0

Dijkstra,169668189,0.1003675,3762.0

Dijkstra,169921933,0.2105802,8254.0

Dijkstra,170444432,0.3660621,18049.0

Dijkstra,170767020,0.2445322,9499.0

Dijkstra,170994727,0.3130828,6183.0

Dijkstra,171548384,0.528254,14278.0

Dijkstra,171677078,0.1223845,5825.0

Dijkstra,172176179,0.3839264,14582.0

Dijkstra,172392152,0.1484784,9982.0

Dijkstra,172438850,0.0340799,2976.0

Dijkstra,172679874,0.166379,8168.0

Dijkstra,172713394,0.0324463,2464.0

Dijkstra,173047106,0.2113585,13088.0

Dijkstra,173290399,0.1473041,10230.0

Dijkstra,173373580,0.0539627,4889.0

Dijkstra,173591637,0.2031681,4667.0

Dijkstra,174150449,0.404317,19975.0

Dijkstra,174174276,0.0325739,940.0

Dijkstra,174520623,0.314757,8849.0

Dijkstra,174997241,0.3605626,11667.0

Dijkstra,175546579,0.432974,13831.0

Dijkstra,175727193,0.1593527,6243.0

Dijkstra,176234025,0.5180646,17590.0

Dijkstra,176702932,0.3212118,14653.0

Dijkstra,176761902,0.0357503,2407.0

Dijkstra,177075745,0.241144,8182.0

Dijkstra,177272342,0.0955458,6493.0

Dijkstra,177372134,0.0651172,3076.0

Dijkstra,177492266,0.0811039,3554.0

Dijkstra,177898884,0.2371287,9740.0

Dijkstra,178392107,0.2791179,13234.0

Dijkstra,178745522,0.1866715,13183.0

Dijkstra,179278591,0.2624105,18612.0

Dijkstra,179826695,0.3306812,14078.0

Dijkstra,180078299,0.160001,9758.0

Dijkstra,180383847,0.1710347,6372.0

Dijkstra,180827550,0.2673643,12888.0

Dijkstra,180856327,0.016583,1037.0

Dijkstra,180962514,0.0518426,6103.0

Dijkstra,181362837,0.219515,11623.0

Dijkstra,181838669,0.3244046,13471.0

Dijkstra,182131512,0.1814344,11128.0

Dijkstra,182370283,0.1390119,6052.0

Dijkstra,182579722,0.1347206,7030.0

Dijkstra,182836373,0.1832427,6597.0

Dijkstra,183004278,0.1355257,6976.0

Dijkstra,183212648,0.1305829,7138.0

Dijkstra,183312409,0.0567257,3437.0

Dijkstra,183592758,0.204971,8535.0

Dijkstra,183772385,0.1234685,5358.0

Dijkstra,183813333,0.0202788,4656.0

Dijkstra,183814905,0.001645,808.0

Dijkstra,184128778,0.1926851,14306.0

Dijkstra,184515562,0.214397,15205.0

Dijkstra,185065454,0.374149,20242.0

Dijkstra,185504673,0.4150519,13758.0

Dijkstra,185856235,0.299249,14071.0

Dijkstra,186164897,0.2599353,8570.0

Dijkstra,186356197,0.2252815,9771.0

Dijkstra,186904311,0.7706186,11597.0

Dijkstra,187127364,0.1765981,8548.0

Dijkstra,187505403,0.3833753,13446.0

Dijkstra,187884747,0.34786,9517.0

Dijkstra,188406426,0.3246016,20841.0

Dijkstra,188839849,0.321758,16019.0

Dijkstra,188844881,0.0067131,869.0

Dijkstra,188948653,0.083146,5500.0

Dijkstra,189207661,0.2063766,5797.0

Dijkstra,189539800,0.1868486,13569.0

Dijkstra,189712399,0.1839691,6843.0

Dijkstra,189890793,0.1484973,4439.0

Dijkstra,190462327,0.5139429,17289.0

Dijkstra,190691373,0.1725515,8181.0

Dijkstra,191238730,0.6297378,12586.0

Dijkstra,191530935,0.1882094,6792.0

Dijkstra,191663892,0.0686645,7470.0

Dijkstra,192005545,0.1897132,11113.0

Dijkstra,192143354,0.081891,4250.0

Dijkstra,192689180,0.3986874,17348.0

Dijkstra,193194341,0.4545145,14318.0

Dijkstra,193509655,0.2680176,6780.0

Dijkstra,193963964,0.3267328,18075.0

Dijkstra,194531604,0.4517466,20484.0

Dijkstra,194798309,0.2061279,11001.0

Dijkstra,194820671,0.0153885,1985.0

Dijkstra,195363176,0.4036892,20278.0

Dijkstra,195442865,0.0514111,6028.0

Dijkstra,195571452,0.0688536,5327.0

Dijkstra,195863200,0.1791316,8706.0

Dijkstra,196154429,0.1733421,12874.0

Dijkstra,196551076,0.3077545,14472.0

Dijkstra,196797912,0.1917687,5869.0

Dijkstra,197212486,0.3157963,10840.0

Dijkstra,197739670,0.3391985,16494.0

Dijkstra,197938846,0.1589885,5959.0

Dijkstra,198457084,0.3871754,18206.0

Dijkstra,198543588,0.058937,5973.0

Dijkstra,199078425,0.4327174,12927.0

Dijkstra,199509365,0.4705871,17180.0

Dijkstra,199768552,0.4254025,12005.0

Dijkstra,200181594,0.5018899,14354.0

Dijkstra,200654912,0.7748704,20118.0

Dijkstra,200710385,0.2201677,2672.0

Dijkstra,201134030,1.1901537,14935.0

Dijkstra,201281080,0.406088,4583.0

Dijkstra,201501419,0.2472736,9009.0

Dijkstra,201671686,0.2519822,6872.0

Dijkstra,202021977,0.4376265,14385.0

Dijkstra,202208102,0.1992213,6546.0

Dijkstra,202644751,0.4896058,9460.0

Dijkstra,202891814,0.3819503,9190.0

Dijkstra,203413894,0.8534792,15497.0

Dijkstra,203747262,0.4147044,16257.0

Dijkstra,204059450,0.6322162,12525.0

Dijkstra,204175461,0.1543482,4681.0

Dijkstra,204588448,0.7752875,15572.0

Dijkstra,204786007,0.334232,6644.0

Dijkstra,205279674,1.039242,10189.0

Dijkstra,205361363,0.1353771,6846.0

Dijkstra,205925575,0.6431487,13380.0

Dijkstra,206341689,0.3792275,14975.0

Dijkstra,206903489,0.5361647,17942.0

Dijkstra,207051637,0.1275098,3890.0

Dijkstra,207327233,0.2344729,9288.0

Dijkstra,207891725,0.5751276,16356.0

Dijkstra,208182243,0.2489924,6796.0

Dijkstra,208732555,0.4187077,13005.0

Dijkstra,209123425,0.2947907,12991.0

Dijkstra,209385562,0.1613761,11235.0

Dijkstra,209825544,0.2822914,11307.0

Dijkstra,210274143,0.3798968,17531.0

Dijkstra,210782253,0.3554921,16827.0

Dijkstra,210864851,0.058748,4884.0

Dijkstra,211170707,0.2089747,10756.0

Dijkstra,211317103,0.0942467,5264.0

Dijkstra,211411234,0.0734782,2877.0

Dijkstra,211878302,0.3633392,15884.0

Dijkstra,212144322,0.1798379,13400.0

Dijkstra,212257412,0.0817238,6429.0

Dijkstra,212663865,0.3253401,13886.0

Dijkstra,212850520,0.1640149,4892.0

Dijkstra,212905781,0.0424916,5937.0

Dijkstra,213402047,0.4031963,17571.0

Dijkstra,213640976,0.1789087,7046.0

Dijkstra,214029212,0.3119909,11860.0

Dijkstra,214540796,0.3718352,14227.0

Dijkstra,214988309,0.3219294,12210.0

Dijkstra,215435200,0.38476,13994.0

Dijkstra,215588051,0.1611731,4623.0

Dijkstra,215700488,0.1173204,3449.0

Dijkstra,216018197,0.3163143,13035.0

Dijkstra,216483086,0.3759303,16167.0

Dijkstra,216714501,0.152837,13578.0

Dijkstra,217035421,0.230655,14132.0

Dijkstra,217209072,0.1663025,4824.0

Dijkstra,217342879,0.1142328,5880.0

Dijkstra,217357506,0.0135808,1987.0

Dijkstra,217411997,0.0493665,2935.0

Dijkstra,217950090,0.5204525,14784.0

Dijkstra,218117007,0.1181854,4574.0

Dijkstra,218487425,0.2949037,14918.0

Dijkstra,218740942,0.1982375,8733.0

Dijkstra,219056044,0.2807541,7304.0

Dijkstra,219109446,0.0472076,2118.0

Dijkstra,219154527,0.0230699,6769.0

Dijkstra,219363662,0.1576226,5768.0

Dijkstra,219620681,0.1883436,7547.0

Dijkstra,219756347,0.0973525,5195.0

Dijkstra,219792961,0.0272347,4322.0

Dijkstra,220131171,0.260334,12500.0

Dijkstra,220624068,0.4175775,12566.0

Dijkstra,220902595,0.2050791,14475.0

Dijkstra,221165994,0.21628,12599.0

Dijkstra,221264317,0.1044039,3757.0

Dijkstra,221711382,0.3860608,16724.0

Dijkstra,222006257,0.239041,9135.0

Dijkstra,222529807,0.425454,19702.0

Dijkstra,222982961,0.3487602,14565.0

Dijkstra,223057773,0.0935253,2644.0

Dijkstra,223195376,0.113902,4068.0

Dijkstra,223627086,0.3427293,15656.0

Dijkstra,223907474,0.2842778,10253.0

Dijkstra,224463333,0.4744759,12637.0

Dijkstra,224644899,0.1277228,7639.0

Dijkstra,225200984,0.4311373,17196.0

Dijkstra,225307402,0.101863,4767.0

Dijkstra,225873028,0.4707383,19466.0

Dijkstra,226202737,0.2760286,7715.0

Dijkstra,226590909,0.319678,9188.0

Dijkstra,226997995,0.3514208,11412.0

Dijkstra,227197015,0.1532546,6514.0

Dijkstra,227487198,0.2458554,6910.0

Dijkstra,227577826,0.0870305,4594.0

Dijkstra,227706951,0.1227737,7109.0

Dijkstra,228097087,0.3307704,11165.0

Dijkstra,228534570,0.4633568,13496.0

Dijkstra,228653393,0.1355375,4214.0

Dijkstra,228684302,0.0289189,3409.0

Dijkstra,229186848,0.5093794,11830.0

Dijkstra,229485618,0.4884923,8822.0

Dijkstra,229743646,0.5136685,13206.0

Dijkstra,229823789,0.1221949,3648.0

Dijkstra,230248998,0.5682588,15406.0

Dijkstra,230446691,0.2485618,9973.0

Dijkstra,230468337,0.0183178,3146.0

Dijkstra,230966221,0.5962785,17288.0

Dijkstra,231458252,0.5458551,17390.0

Dijkstra,231602479,0.1781589,5995.0

Dijkstra,231780060,0.2131864,4534.0

Dijkstra,232085355,0.3527754,8275.0

Dijkstra,232110586,0.0322187,1424.0

Dijkstra,232130591,0.0225524,1994.0

Dijkstra,232160705,0.0274929,2191.0

Dijkstra,232517953,0.4624108,10877.0

Dijkstra,232999489,0.5818487,15001.0

Dijkstra,233149828,0.1791342,6477.0

Dijkstra,233467442,0.3359853,8133.0

Dijkstra,233856963,0.6041009,9278.0

Dijkstra,234355768,1.7725991,13271.0

Dijkstra,234913205,0.8992329,17603.0

Dijkstra,234998567,0.1245004,2428.0

Dijkstra,235537883,0.615141,17712.0

Dijkstra,235772821,0.2122468,12129.0

Dijkstra,235953990,0.1452569,5377.0

Dijkstra,236139170,0.1630423,7737.0

Dijkstra,236465814,0.30424,10168.0

Dijkstra,236540839,0.0594405,4020.0

Dijkstra,236867213,0.3482592,8024.0

Dijkstra,236996819,0.1215468,3986.0

Dijkstra,237189495,0.182446,7115.0

Dijkstra,237652599,0.455012,19721.0

Dijkstra,237968726,0.2551684,14995.0

Dijkstra,238107182,0.1205035,5038.0

Dijkstra,238473144,0.363286,10510.0

Dijkstra,238676287,0.2326456,5463.0

Dijkstra,238728610,0.0477959,3089.0

Dijkstra,239113103,0.5351549,8363.0

Dijkstra,239539828,0.6866473,11418.0

Dijkstra,239555266,0.0346699,2797.0

Dijkstra,239999578,0.7412467,12151.0

Dijkstra,240009652,0.0178757,1953.0

Dijkstra,240299707,0.6000681,7404.0

Dijkstra,240374553,0.1281107,4027.0

Dijkstra,240617440,0.4392368,6072.0

Dijkstra,240712473,0.1585814,6930.0

Dijkstra,241241693,0.7799016,11435.0

Dijkstra,241482527,0.3101123,11248.0

Dijkstra,241751956,0.334894,6811.0

Dijkstra,241948490,0.2829872,5035.0

Dijkstra,241978325,0.041107,1771.0

Dijkstra,242310089,0.4492162,9359.0

Dijkstra,242366644,0.0724081,5287.0

Dijkstra,242720953,0.571841,8184.0

Dijkstra,242920329,0.2311737,7134.0

Dijkstra,243472274,0.5403343,17785.0

Dijkstra,243880291,0.4316168,13769.0

Dijkstra,244172703,0.2972282,6964.0

Dijkstra,244207400,0.0349616,2458.0

Dijkstra,244274698,0.0702571,4697.0

Dijkstra,244549099,0.2923717,12657.0

Dijkstra,245048064,0.4633782,18325.0

Dijkstra,245340241,0.2956105,6452.0

Dijkstra,245646892,0.2914668,7764.0

Dijkstra,245899813,0.235037,5468.0

Dijkstra,246457619,0.4238635,23910.0

Dijkstra,246461592,0.0071462,582.0

Dijkstra,246582757,0.1105837,3436.0

Dijkstra,246963405,0.3589347,14802.0

Dijkstra,247091832,0.1102542,7373.0

Dijkstra,247124843,0.0280677,1410.0

Dijkstra,247249014,0.0845878,4569.0

Dijkstra,247694003,0.3582002,15202.0

Dijkstra,247783944,0.0627296,4252.0

Dijkstra,248130987,0.2892548,7854.0

Dijkstra,248312917,0.1795469,7605.0

Dijkstra,248513703,0.2034749,5886.0

Dijkstra,248884603,0.3893114,7881.0

Dijkstra,249050681,0.1675858,7939.0

Dijkstra,249314267,0.2405091,12685.0

Dijkstra,249461608,0.1467782,3962.0

Dijkstra,249753566,0.3273326,11510.0

Dijkstra,249975632,0.229461,5225.0

Dijkstra,250381382,0.395256,9601.0

Dijkstra,250707615,0.2788462,11088.0

Dijkstra,250845604,0.1118705,3748.0

Dijkstra,251006922,0.1592479,5584.0

Dijkstra,251087220,0.0704043,6257.0

Dijkstra,251614202,0.4756456,11918.0

Dijkstra,251641795,0.0371095,2600.0

Dijkstra,251890728,0.2308661,10802.0

Dijkstra,252438883,0.4157111,20471.0

Dijkstra,252798911,0.3204693,9329.0

Dijkstra,253229980,0.306425,9918.0

Dijkstra,253753705,0.5173951,15479.0

Dijkstra,254138678,0.5029624,12869.0

Dijkstra,254621319,0.594894,17194.0

Dijkstra,255063014,0.635724,17044.0

Dijkstra,255293843,0.543688,6758.0

Dijkstra,255407479,0.1963033,7004.0

Dijkstra,255461756,0.0877757,2823.0

Dijkstra,255981641,1.3384481,13493.0

Dijkstra,256472802,0.9055047,12172.0

Dijkstra,256679966,0.3967204,5220.0

Dijkstra,256693233,0.0216258,1501.0

Dijkstra,257209765,0.4162182,17998.0

Dijkstra,257450435,0.2313442,8585.0

Dijkstra,257542683,0.057442,4264.0

Dijkstra,257771599,0.1603744,6402.0

Dijkstra,258117175,0.3776802,7691.0

Dijkstra,258273775,0.1538652,6292.0

Dijkstra,258577187,0.269862,12417.0

Dijkstra,259035001,0.5261132,11355.0

Dijkstra,259490322,0.6146513,13748.0

Dijkstra,259975223,0.6203116,12909.0

Dijkstra,260250552,0.2857266,11552.0

Dijkstra,260646378,0.3095607,11153.0

Dijkstra,260748428,0.0787163,4459.0

Dijkstra,261253432,0.3959402,16404.0

Dijkstra,261826698,0.4173024,18666.0

Dijkstra,262010907,0.1883887,4550.0

Dijkstra,262033849,0.0164096,2564.0

Dijkstra,262335508,0.2251368,14966.0

Dijkstra,262561175,0.1992789,11185.0

Dijkstra,263069638,0.3766221,18953.0

Dijkstra,263157900,0.0741011,4473.0

Dijkstra,263539442,0.2998822,9368.0

Dijkstra,263977432,0.3218587,9208.0

Dijkstra,264499065,0.3873956,19769.0

Dijkstra,264966718,0.413814,14972.0

Dijkstra,264981513,0.0117471,2000.0

Dijkstra,265313418,0.2082129,10852.0

Dijkstra,265825120,0.3346866,11609.0

Dijkstra,266357318,0.3917964,14141.0

Dijkstra,266811788,0.3060321,14813.0

Dijkstra,267273554,0.2911805,15982.0

Dijkstra,267485143,0.1476061,8999.0

Dijkstra,267489822,0.0030061,677.0

Dijkstra,267782715,0.218359,6682.0

Dijkstra,267849660,0.042348,6035.0

Dijkstra,268356940,0.3380348,17946.0

Dijkstra,268881136,0.361527,17831.0

Dijkstra,269389460,0.3255839,14049.0

Dijkstra,269434900,0.0287275,2338.0

Dijkstra,269792189,0.2444826,13024.0

Dijkstra,269883732,0.0548577,8227.0

Dijkstra,270194743,0.1982034,6839.0

Dijkstra,270624031,0.3662697,12713.0

Dijkstra,271004342,0.412074,9073.0

Dijkstra,271217734,0.1742131,7333.0

Dijkstra,271343978,0.0879735,7087.0

Dijkstra,271761155,0.2238931,15569.0

Dijkstra,271983687,0.1481321,6755.0

Dijkstra,272144847,0.1026801,4303.0

Dijkstra,272540524,0.2381763,9178.0

Dijkstra,273031529,0.4304407,13585.0

Dijkstra,273102630,0.0875337,2935.0

Dijkstra,273352177,0.3192554,8379.0

Dijkstra,273529191,0.243199,8047.0

Dijkstra,273643490,0.1700077,4885.0

Dijkstra,274056062,0.4854615,15136.0

Dijkstra,274273448,0.2284918,7326.0

Dijkstra,274702400,0.3581617,11075.0

Dijkstra,274776738,0.0589186,4180.0

Dijkstra,274839499,0.0680475,3438.0

Dijkstra,274946846,0.1894397,3479.0

Dijkstra,275165300,0.2903609,6108.0

Dijkstra,275168514,0.0074313,1222.0

Dijkstra,275606961,0.4758429,16606.0

Dijkstra,276049283,0.5375747,9514.0

Dijkstra,276311628,0.2660059,13687.0

Dijkstra,276425802,0.1032583,3262.0

Dijkstra,276938111,0.3303611,22398.0

Dijkstra,277096830,0.0942571,6337.0

Dijkstra,277662446,0.3377977,13034.0

Dijkstra,277955434,0.2059906,12335.0

Dijkstra,278409239,0.3465587,11819.0

Dijkstra,278721351,0.1899928,16105.0

Dijkstra,279003320,0.1566633,12860.0

Dijkstra,279148174,0.1193094,5972.0

Dijkstra,279656734,0.3881886,11824.0

Dijkstra,279795217,0.097995,7277.0

Dijkstra,280032097,0.1564726,7510.0

Dijkstra,280037528,0.0061098,705.0

Dijkstra,280293812,0.1791495,10734.0

Dijkstra,280416857,0.0760521,4436.0

Dijkstra,280510860,0.07087,3127.0

Dijkstra,280699855,0.1452731,4930.0

Dijkstra,281127740,0.2441196,12282.0

Dijkstra,281634872,0.3156374,17294.0

Dijkstra,282062559,0.3273462,11410.0

Dijkstra,282500167,0.3642347,13508.0

Dijkstra,282920442,0.4558519,16836.0

Dijkstra,283400299,0.4032863,18016.0

Dijkstra,283506662,0.0950956,3873.0

Dijkstra,283621571,0.112922,3507.0

Dijkstra,283694857,0.0706745,3911.0

Dijkstra,283752162,0.062673,1547.0

Dijkstra,284141486,0.2646262,14184.0

Dijkstra,284689193,0.4685939,19044.0

Dijkstra,285129977,0.3528417,13296.0

Dijkstra,285193221,0.0512625,2412.0

Dijkstra,285455604,0.1831501,9466.0

Dijkstra,285486691,0.0160217,2650.0

Dijkstra,285983574,0.2788633,14703.0

Dijkstra,286178931,0.1223962,9312.0

Dijkstra,286319459,0.0853611,4125.0

Dijkstra,286596249,0.1599969,6575.0

Dijkstra,286771357,0.1232365,6420.0

Dijkstra,287152925,0.2168366,11699.0

Dijkstra,287705719,0.3680062,17794.0

Dijkstra,287834594,0.0815219,6076.0

Dijkstra,287974637,0.1154331,4527.0

Dijkstra,288521796,0.3039866,21420.0

Dijkstra,288597446,0.040854,4896.0