method,relaxations,time
Dijkstra,398582,0.3408143
Dijkstra,632848,0.1680189
Dijkstra,869936,0.158398
Dijkstra,958795,0.0660068
Dijkstra,1463506,0.3126769
Dijkstra,1959692,0.2465928
Dijkstra,2256410,0.1846571
Dijkstra,2766602,0.2971762
Dijkstra,3233052,0.321894
Dijkstra,3285447,0.0416577
Dijkstra,3709184,0.2384948
Dijkstra,4196097,0.2479495
Dijkstra,4254015,0.0382937
Dijkstra,4291410,0.0277165
Dijkstra,4465264,0.0893822
Dijkstra,4902847,0.2441162
Dijkstra,5316499,0.2309947
Dijkstra,5736945,0.2617406
Dijkstra,6080827,0.2084994
Dijkstra,6368636,0.2565155
Dijkstra,6629424,0.1377767
Dijkstra,6642780,0.0077593
Dijkstra,7152099,0.292752
Dijkstra,7442743,0.1724963
Dijkstra,7995519,0.2915656
Dijkstra,8552500,0.3134166
Dijkstra,8686681,0.0682147
Dijkstra,8953535,0.148239
Dijkstra,9371394,0.188065
Dijkstra,9698263,0.1515568
Dijkstra,9872104,0.0891932
Dijkstra,10203780,0.1500439
Dijkstra,10490178,0.1228816
Dijkstra,10534562,0.0199731
Dijkstra,10606788,0.0331993
Dijkstra,11100761,0.2220546
Dijkstra,11189184,0.0348107
Dijkstra,11606329,0.1976395
Dijkstra,11629467,0.0105565
Dijkstra,11644812,0.0073573
Dijkstra,11923220,0.1715827
Dijkstra,12349053,0.2361771
Dijkstra,12389125,0.0181751
Dijkstra,12561847,0.1027265
Dijkstra,13002697,0.2408695
Dijkstra,13343344,0.1599151
Dijkstra,13634400,0.1468445
Dijkstra,13966179,0.2151123
Dijkstra,14441678,0.2266222
Dijkstra,14871718,0.1958553
Dijkstra,14900083,0.0137975
Dijkstra,15186392,0.1347331
Dijkstra,15199916,0.0060958
Dijkstra,15408337,0.0915665
Dijkstra,15916188,0.2821253
Dijkstra,16350626,0.2203826
Dijkstra,16627917,0.1752035
Dijkstra,16694429,0.0337315
Dijkstra,16972150,0.127916
Dijkstra,17296092,0.1466102
Dijkstra,17830394,0.2542817
Dijkstra,18305159,0.2439802
Dijkstra,18874467,0.3018883
Dijkstra,19155758,0.1389103
Dijkstra,19408909,0.1094924
Dijkstra,19981481,0.4665239
Dijkstra,20329319,0.2255258
Dijkstra,20653952,0.1763685
Dijkstra,20655570,0.0016835
Dijkstra,20872092,0.1154755
Dijkstra,21414835,0.3775298
Dijkstra,21653174,0.1897166
Dijkstra,22067895,0.4209758
Dijkstra,22334989,0.3037185
Dijkstra,22885323,0.3213794
Dijkstra,23079652,0.1000135
Dijkstra,23134599,0.0276134
Dijkstra,23340071,0.1706852
Dijkstra,23862588,0.3538729
Dijkstra,24113764,0.1477341
Dijkstra,24144029,0.0184939
Dijkstra,24223034,0.0468982
Dijkstra,24785154,0.347992
Dijkstra,25042991,0.206475
Dijkstra,25396087,0.2101888
Dijkstra,25581466,0.1151838
Dijkstra,26153758,0.3454613
Dijkstra,26593646,0.3336463
Dijkstra,26992759,0.2519196
Dijkstra,27453313,0.2984422
Dijkstra,27805911,0.2284632
Dijkstra,27862702,0.0267369
Dijkstra,28118476,0.1675405
Dijkstra,28476514,0.2844499
Dijkstra,28710781,0.1270737
Dijkstra,28962591,0.1179228
Dijkstra,29116290,0.0866316
Dijkstra,29565449,0.2302044
Dijkstra,29594143,0.0471615
Dijkstra,29638357,0.0177837
Dijkstra,29650005,0.005857
Dijkstra,29836134,0.1100255
Dijkstra,29873298,0.0585514
Dijkstra,29979708,0.058767
Dijkstra,30287163,0.2245773
Dijkstra,30523576,0.1524518
Dijkstra,30551560,0.0510615
Dijkstra,31051766,0.3577512
Dijkstra,31505944,0.2614338
Dijkstra,31784121,0.1629399
Dijkstra,32110909,0.1930179
Dijkstra,32486785,0.2409619
Dijkstra,32684851,0.1244863
Dijkstra,33121781,0.3990361
Dijkstra,33658658,0.4997287
Dijkstra,34170012,0.4649637
Dijkstra,34531017,0.251982
Dijkstra,34753858,0.1521784
Dijkstra,35026033,0.1685826
Dijkstra,35462045,0.264005
Dijkstra,35750668,0.2401479
Dijkstra,36264189,0.3165592
Dijkstra,36363078,0.0537254
Dijkstra,36855730,0.2647676
Dijkstra,37413364,0.4012712
Dijkstra,37611560,0.1852904
Dijkstra,38116488,0.3574093
Dijkstra,38476671,0.2082462
Dijkstra,39047737,0.3740344
Dijkstra,39401364,0.196107
Dijkstra,39841819,0.2064401
Dijkstra,40323259,0.2475905
Dijkstra,40459328,0.0665301
Dijkstra,40519549,0.0304442
Dijkstra,40596747,0.0339675
Dijkstra,40950869,0.1646747
Dijkstra,41033042,0.038269
Dijkstra,41553371,0.2603386
Dijkstra,41813426,0.1308902
Dijkstra,42105723,0.1393367
Dijkstra,42236716,0.0769058
Dijkstra,42743876,0.3358666
Dijkstra,42972288,0.1528054
Dijkstra,43483252,0.3337717
Dijkstra,43584866,0.0424068
Dijkstra,43821248,0.1382705
Dijkstra,44127582,0.2149494
Dijkstra,44514996,0.3600951
Dijkstra,44777367,0.1336499
Dijkstra,44975619,0.1084501
Dijkstra,45224078,0.2749705
Dijkstra,45289139,0.0377695
Dijkstra,45849855,0.3911071
Dijkstra,45912065,0.0337564
Dijkstra,46387587,0.2766681
Dijkstra,46630740,0.1327831
Dijkstra,46949859,0.1949445
Dijkstra,47300730,0.2190323
Dijkstra,47598977,0.1603491
Dijkstra,47893104,0.1758034
Dijkstra,48217217,0.1960982
Dijkstra,48524282,0.2155808
Dijkstra,48928721,0.2543957
Dijkstra,49435347,0.2895448
Dijkstra,49741243,0.182086
Dijkstra,50199380,0.2968349
Dijkstra,50263705,0.0466119
Dijkstra,50459833,0.1183218
Dijkstra,50978990,0.4265706
Dijkstra,51364082,0.3111969
Dijkstra,51812432,0.4145791
Dijkstra,52196037,0.2963958
Dijkstra,52226674,0.0219671
Dijkstra,52376393,0.1125346
Dijkstra,52906800,0.3908968
Dijkstra,53253387,0.224634
Dijkstra,53306033,0.0369049
Dijkstra,53463918,0.1499651
Dijkstra,53517535,0.0438983
Dijkstra,53795372,0.2287716
Dijkstra,53887865,0.0600581
Dijkstra,54230633,0.2552364
Dijkstra,54756625,0.5434011
Dijkstra,55124861,0.6217505
Dijkstra,55476964,0.5979367
Dijkstra,55694794,0.2887455
Dijkstra,56258261,0.7056911
Dijkstra,56375068,0.1323542
Dijkstra,56825886,0.5451656
Dijkstra,56903853,0.1007747
Dijkstra,57177273,0.3082878
Dijkstra,57351606,0.1753939
Dijkstra,57389135,0.038404
Dijkstra,57597549,0.2040129
Dijkstra,57630415,0.0268069
Dijkstra,57876756,0.2229612
Dijkstra,58439718,0.5281013
Dijkstra,58652938,0.1602363
Dijkstra,59087708,0.3714262
Dijkstra,59421611,0.2400534
Dijkstra,59450650,0.0209618
Dijkstra,59740609,0.2208278
Dijkstra,59889784,0.1676525
Dijkstra,60406249,0.4395534
Dijkstra,60851529,0.3236559
Dijkstra,61276002,0.3388418
Dijkstra,61443910,0.1771051
Dijkstra,61921136,0.4143624
Dijkstra,62238438,0.2577956
Dijkstra,62489135,0.2046568
Dijkstra,63061636,0.4465147
Dijkstra,63083850,0.0248596
Dijkstra,63618349,0.4260633
Dijkstra,64178606,0.4883498
Dijkstra,64603976,0.34257
Dijkstra,64637764,0.0178055
Dijkstra,64965153,0.2568664
Dijkstra,65391716,0.3377472
Dijkstra,65398747,0.0162203
Dijkstra,65819959,0.3954481
Dijkstra,66145615,0.2613695
Dijkstra,66175071,0.0396706
Dijkstra,66492438,0.2611322
Dijkstra,66732270,0.2541058
Dijkstra,66983574,0.2468759
Dijkstra,67000517,0.0248504
Dijkstra,67106611,0.0786511
Dijkstra,67194379,0.0482303
Dijkstra,67416033,0.1718618
Dijkstra,67729692,0.2685099
Dijkstra,68291300,0.4999
Dijkstra,68623199,0.3102834
Dijkstra,68882043,0.2224178
Dijkstra,69452026,0.4202259
Dijkstra,69564281,0.0997013
Dijkstra,69934137,0.2666922
Dijkstra,70182195,0.1547141
Dijkstra,70536182,0.2682663
Dijkstra,70981378,0.3083142
Dijkstra,71324936,0.2207871
Dijkstra,71517259,0.1376338
Dijkstra,72052952,0.3630397
Dijkstra,72187756,0.1194294
Dijkstra,72291120,0.057032
Dijkstra,72565954,0.2320723
Dijkstra,72580901,0.0136649
Dijkstra,72804640,0.15181
Dijkstra,72836249,0.0222315
Dijkstra,73009626,0.1642969
Dijkstra,73344796,0.2596785
Dijkstra,73891842,0.3989348
Dijkstra,74002665,0.0799955
Dijkstra,74304654,0.2699485
Dijkstra,74801048,0.3738206
Dijkstra,74844665,0.0508318
Dijkstra,74875944,0.0520561
Dijkstra,74960926,0.0672825
Dijkstra,75402083,0.3375378
Dijkstra,75912372,0.3754599
Dijkstra,76195039,0.215854
Dijkstra,76496977,0.2486714
Dijkstra,76790326,0.1939978
Dijkstra,77278958,0.4070962
Dijkstra,77713952,0.3408354
Dijkstra,77980857,0.16793
Dijkstra,78107883,0.0866435
Dijkstra,78279855,0.0982923
Dijkstra,78499140,0.1491373
Dijkstra,79063533,0.4171792
Dijkstra,79392790,0.2715106
Dijkstra,79728473,0.2570141
Dijkstra,79946380,0.1870996
Dijkstra,80094562,0.1412446
Dijkstra,80281511,0.1557398
Dijkstra,80294302,0.0127785
Dijkstra,80555578,0.185292
Dijkstra,80973899,0.2871987
Dijkstra,81350943,0.2982699
Dijkstra,81903076,0.473985
Dijkstra,82079629,0.1360885
Dijkstra,82348746,0.2576819
Dijkstra,82764568,0.3841669
Dijkstra,82804561,0.0309544
Dijkstra,82825348,0.0192557
Dijkstra,82838577,0.0089786
Dijkstra,83412266,0.4398815
Dijkstra,83606204,0.1284365
Dijkstra,84178024,0.4355315
Dijkstra,84642484,0.4650887
Dijkstra,84902001,0.1945651
Dijkstra,84902916,0.0014698
Dijkstra,84984374,0.0570607
Dijkstra,85391347,0.3246653
Dijkstra,85932418,0.4279981
Dijkstra,86106888,0.1680708
Dijkstra,86562934,0.2942707
Dijkstra,86824458,0.163866
Dijkstra,87172966,0.2922074
Dijkstra,87546255,0.2920748
Dijkstra,87775938,0.1648102
Dijkstra,87999043,0.1575539
Dijkstra,88474109,0.3443158
Dijkstra,88961410,0.4416322
Dijkstra,88982313,0.0110777
Dijkstra,89204597,0.1488511
Dijkstra,89544848,0.2819187
Dijkstra,89940063,0.3492022
Dijkstra,90232406,0.2316219
Dijkstra,90677262,0.3692789
Dijkstra,91182003,0.4190574
Dijkstra,91597002,0.3180725
Dijkstra,91647627,0.0343044
Dijkstra,91672330,0.018387
Dijkstra,91795730,0.0951267
Dijkstra,91808488,0.0115993
Dijkstra,91832055,0.0202772
Dijkstra,91957079,0.112333
Dijkstra,92322667,0.2874259
Dijkstra,92601651,0.2525177
Dijkstra,92803957,0.1276728
Dijkstra,92807906,0.0048965
Dijkstra,93114924,0.2323818
Dijkstra,93455363,0.2711993
Dijkstra,93979055,0.4729402
Dijkstra,94242493,0.2076965
Dijkstra,94265582,0.0180499
Dijkstra,94396525,0.088815
Dijkstra,94934494,0.4879836
Dijkstra,95115825,0.1738627
Dijkstra,95446180,0.2627273
Dijkstra,95663970,0.1916343
Dijkstra,95819844,0.1356945
Dijkstra,96034556,0.1730884
Dijkstra,96142374,0.0968266
Dijkstra,96616726,0.3110899
Dijkstra,96853961,0.2021863
Dijkstra,97275083,0.3876622
Dijkstra,97637533,0.3694299
Dijkstra,97934372,0.239202
Dijkstra,98503287,0.4700705
Dijkstra,98916773,0.3110834
Dijkstra,99135350,0.1817726
Dijkstra,99695031,0.4759056
Dijkstra,99840948,0.1242002
Dijkstra,100364906,0.415976
Dijkstra,100552754,0.1536967
Dijkstra,100867931,0.2595356
Dijkstra,100928150,0.0377294
Dijkstra,101285773,0.2524938
Dijkstra,101323931,0.0201503
Dijkstra,101486672,0.1455613
Dijkstra,101727385,0.1811008
Dijkstra,102188207,0.3723877
Dijkstra,102315286,0.1353296
Dijkstra,102318494,0.0345192
Dijkstra,102798908,0.395242
Dijkstra,102870259,0.0692962
Dijkstra,103252844,0.2652228
Dijkstra,103524093,0.2341598
Dijkstra,103585162,0.0365271
Dijkstra,104029090,0.3504037
Dijkstra,104164118,0.1049883
Dijkstra,104512583,0.3244201
Dijkstra,104651534,0.1035259
Dijkstra,104760562,0.0748352
Dijkstra,104859257,0.0942205
Dijkstra,104955384,0.065495
Dijkstra,105000317,0.0230587
Dijkstra,105427501,0.3240351
Dijkstra,105760189,0.2510198
Dijkstra,106231036,0.3512623
Dijkstra,106294065,0.0411998
Dijkstra,106310220,0.007867
Dijkstra,106464197,0.1099215
Dijkstra,106567733,0.1009065
Dijkstra,106674796,0.068403
Dijkstra,107217517,0.4122395
Dijkstra,107760116,0.43366
Dijkstra,107879604,0.1054537
Dijkstra,108005367,0.1109615
Dijkstra,108432781,0.3954466
Dijkstra,108950496,0.4289681
Dijkstra,109173940,0.1913254
Dijkstra,109474625,0.2705381
Dijkstra,110028948,0.4952166
Dijkstra,110472051,0.4084439
Dijkstra,110726794,0.235694
Dijkstra,111132636,0.357291
Dijkstra,111442620,0.2948468
Dijkstra,111566935,0.1193564
Dijkstra,111766371,0.1572123
Dijkstra,112130009,0.3466582
Dijkstra,112367846,0.2416664
Dijkstra,112427775,0.0435497
Dijkstra,112824661,0.3537144
Dijkstra,113320505,0.4484291
Dijkstra,113534003,0.1696706
Dijkstra,113847129,0.2494567
Dijkstra,114105580,0.224935
Dijkstra,114512964,0.3965286
Dijkstra,114581446,0.0697956
Dijkstra,115042817,0.3664107
Dijkstra,115595221,0.4769959
Dijkstra,115733188,0.0886994
Dijkstra,116045842,0.2117041
Dijkstra,116143758,0.0593549
Dijkstra,116526357,0.2318617
Dijkstra,116782921,0.1868489
Dijkstra,117267959,0.3293667
Dijkstra,117797817,0.4138024
Dijkstra,118284509,0.3452351
Dijkstra,118284878,0.0014532
Dijkstra,118564404,0.1320968
Dijkstra,118663958,0.0505741
Dijkstra,118997696,0.1620709
Dijkstra,119494620,0.3508377
Dijkstra,119995598,0.3446741
Dijkstra,120045713,0.0258658
Dijkstra,120602504,0.417585
Dijkstra,120943969,0.4468188
Dijkstra,121313138,0.268695
Dijkstra,121484359,0.1223908
Dijkstra,121940003,0.3129799
Dijkstra,121976979,0.0250964
Dijkstra,122534369,0.3621056
Dijkstra,122617973,0.0463122
Dijkstra,123109421,0.401842
Dijkstra,123622463,0.4104017
Dijkstra,124006605,0.228
Dijkstra,124168631,0.0923496
Dijkstra,124401135,0.1408616
Dijkstra,124693105,0.1876417
Dijkstra,125262846,0.3728218
Dijkstra,125550943,0.1870736
Dijkstra,125796362,0.1961111
Dijkstra,126131080,0.307295
Dijkstra,126304699,0.1912937
Dijkstra,126511133,0.1698821
Dijkstra,127047130,0.4734552
Dijkstra,127617195,0.4801989
Dijkstra,128033268,0.3171111
Dijkstra,128435670,0.3482595
Dijkstra,128902552,0.3431279
Dijkstra,129099999,0.1632174
Dijkstra,129533527,0.3036028
Dijkstra,129646899,0.0789939
Dijkstra,129849215,0.1719948
Dijkstra,130017331,0.1132597
Dijkstra,130324619,0.1944861
Dijkstra,130775453,0.2955601
Dijkstra,130990684,0.1346659
Dijkstra,131554090,0.4047302
Dijkstra,131760935,0.1239154
Dijkstra,132041596,0.186335
Dijkstra,132503795,0.2880685
Dijkstra,132804670,0.1932057
Dijkstra,133369648,0.3167617
Dijkstra,133485191,0.0650422
Dijkstra,134018176,0.3040587
Dijkstra,134570521,0.2519241
Dijkstra,134652256,0.0335066
Dijkstra,134766539,0.0480239
Dijkstra,135220668,0.2054343
Dijkstra,135346952,0.054971
Dijkstra,135878439,0.2460695
Dijkstra,136019575,0.0604428
Dijkstra,136469672,0.2073432
Dijkstra,136804716,0.1528281
Dijkstra,136821324,0.0068684
Dijkstra,137264079,0.1947016
Dijkstra,137274186,0.004255
Dijkstra,137731057,0.2171781
Dijkstra,137777950,0.0213026
Dijkstra,137792522,0.0074067
Dijkstra,137931217,0.081933
Dijkstra,138393507,0.2377945
Dijkstra,138592348,0.0785867
Dijkstra,139050416,0.2049776
Dijkstra,139372573,0.1351004
Dijkstra,139560295,0.0815123
Dijkstra,140067809,0.218738
Dijkstra,140157420,0.0513312
Dijkstra,140715378,0.2872955
Dijkstra,140986233,0.1968979
Dijkstra,141355132,0.1804504
Dijkstra,141633715,0.1179214
Dijkstra,141746722,0.0499649
Dijkstra,142035029,0.1365111
Dijkstra,142328351,0.1231811
Dijkstra,142731292,0.1846532
Dijkstra,142734316,0.0019513
Dijkstra,143172448,0.2074117
Dijkstra,143698903,0.2365779
Dijkstra,143979474,0.1221374
Dijkstra,144145597,0.0888093
Dijkstra,144628353,0.2095291
Dijkstra,144908280,0.1336409
Dijkstra,145102878,0.07625
Dijkstra,145117607,0.0063082
Dijkstra,145516088,0.1850085
Dijkstra,145942730,0.2066645
Dijkstra,146185899,0.1011047
Dijkstra,146641619,0.1898933
Dijkstra,146987940,0.14148
Dijkstra,147070791,0.0390436
Dijkstra,147615694,0.2722011
Dijkstra,148096184,0.2126046
Dijkstra,148457683,0.1580039
Dijkstra,148975982,0.2217281
Dijkstra,149353240,0.1784137
Dijkstra,149683208,0.1563988
Dijkstra,149818557,0.056065
Dijkstra,150186062,0.1666639
Dijkstra,150557122,0.1649336
Dijkstra,150705368,0.0679591
Dijkstra,151232315,0.2499977
Dijkstra,151549519,0.1735213
Dijkstra,151589506,0.0229726
Dijkstra,151855464,0.1476832
Dijkstra,151922488,0.029497
Dijkstra,152309847,0.1690609
Dijkstra,152803787,0.2075786
Dijkstra,153214664,0.1780829
Dijkstra,153271953,0.0242116
Dijkstra,153389137,0.0487769
Dijkstra,153404362,0.0063661
Dijkstra,153844074,0.1998899
Dijkstra,154360607,0.2341634
Dijkstra,154380008,0.0078054
Dijkstra,154794944,0.1880157
Dijkstra,155028798,0.1006679
Dijkstra,155158309,0.0583773
Dijkstra,155310680,0.0684407
Dijkstra,155714736,0.1853886
Dijkstra,156055835,0.158615
Dijkstra,156391633,0.1636268
Dijkstra,156469253,0.0319016
Dijkstra,156828189,0.1513765
Dijkstra,156986177,0.0746241
Dijkstra,157388173,0.1926995
Dijkstra,157534463,0.0644002
Dijkstra,157680461,0.0723172
Dijkstra,157731065,0.0209603
Dijkstra,158121399,0.1659303
Dijkstra,158531695,0.1746554
Dijkstra,158586865,0.0216582
Dijkstra,158865959,0.1266574
Dijkstra,159018318,0.0694796
Dijkstra,159282902,0.1158571
Dijkstra,159672021,0.1800302
Dijkstra,159751206,0.0317314
Dijkstra,159778761,0.0131793
Dijkstra,160202028,0.1841307
Dijkstra,160612832,0.174623
Dijkstra,161132670,0.2380014
Dijkstra,161386416,0.1417609
Dijkstra,161569453,0.0834636
Dijkstra,161586581,0.0061696
Dijkstra,161905684,0.1250568
Dijkstra,162199514,0.1213847
Dijkstra,162539893,0.1503715
Dijkstra,162661965,0.0610069
Dijkstra,162812073,0.074082
Dijkstra,163074409,0.1342078
Dijkstra,163483173,0.1724418
Dijkstra,163714452,0.0978319
Dijkstra,164103828,0.1835641
Dijkstra,164260776,0.1099633
Dijkstra,164656868,0.1942463
Dijkstra,165147015,0.2238714
Dijkstra,165293128,0.0639294
Dijkstra,165780349,0.2285555
Dijkstra,166301395,0.2299904
Dijkstra,166742174,0.1959375
Dijkstra,167128987,0.1783894
Dijkstra,167388922,0.1126508
Dijkstra,167467063,0.0306106
Dijkstra,167907380,0.1938324
Dijkstra,168010238,0.0422244
Dijkstra,168215457,0.0968092
Dijkstra,168694003,0.2170892
Dijkstra,168734809,0.0160721
Dijkstra,169065584,0.1531836
Dijkstra,169154989,0.0388847
Dijkstra,169180232,0.0100497
Dijkstra,169532358,0.1616208
Dijkstra,169668189,0.0583076
Dijkstra,169921933,0.1095573
Dijkstra,170444432,0.2533162
Dijkstra,170767020,0.141484
Dijkstra,170994727,0.1041834
Dijkstra,171548384,0.3040359
Dijkstra,171677078,0.0543535
Dijkstra,172176179,0.2100384
Dijkstra,172392152,0.0861175
Dijkstra,172438850,0.0223931
Dijkstra,172679874,0.1060141
Dijkstra,172713394,0.015432
Dijkstra,173047106,0.1619264
Dijkstra,173290399,0.1094161
Dijkstra,173373580,0.0336595
Dijkstra,173591637,0.1282581
Dijkstra,174150449,0.2702912
Dijkstra,174174276,0.0103161
Dijkstra,174520623,0.1732152
Dijkstra,174997241,0.2340162
Dijkstra,175546579,0.249011
Dijkstra,175727193,0.0750016
Dijkstra,176234025,0.2300183
Dijkstra,176702932,0.1949767
Dijkstra,176761902,0.0264434
Dijkstra,177075745,0.1425275
Dijkstra,177272342,0.0904583
Dijkstra,177372134,0.0407204
Dijkstra,177492266,0.0508686
Dijkstra,177898884,0.1847619
Dijkstra,178392107,0.2218396
Dijkstra,178745522,0.1497419
Dijkstra,179278591,0.231127
Dijkstra,179826695,0.2347157
Dijkstra,180078299,0.1071958
Dijkstra,180383847,0.1424624
Dijkstra,180827550,0.2030201
Dijkstra,180856327,0.01322
Dijkstra,180962514,0.0488055
Dijkstra,181362837,0.2260366
Dijkstra,181838669,0.2097776
Dijkstra,182131512,0.1223355
Dijkstra,182370283,0.1078848
Dijkstra,182579722,0.0843581
Dijkstra,182836373,0.1045079
Dijkstra,183004278,0.0682658
Dijkstra,183212648,0.0910775
Dijkstra,183312409,0.0405953
Dijkstra,183592758,0.1160638
Dijkstra,183772385,0.0792376
Dijkstra,183813333,0.0170146
Dijkstra,183814905,0.0021482
Dijkstra,184128778,0.1474366
Dijkstra,184515562,0.1632711
Dijkstra,185065454,0.2767587
Dijkstra,185504673,0.1906903
Dijkstra,185856235,0.1480794
Dijkstra,186164897,0.1446938
Dijkstra,186356197,0.0886829
Dijkstra,186904311,0.2735048
Dijkstra,187127364,0.0943191
Dijkstra,187505403,0.1692205
Dijkstra,187884747,0.1698946
Dijkstra,188406426,0.298722
Dijkstra,188839849,0.1827479
Dijkstra,188844881,0.0022634
Dijkstra,188948653,0.0409029
Dijkstra,189207661,0.1240578
Dijkstra,189539800,0.1462634
Dijkstra,189712399,0.1213181
Dijkstra,189890793,0.083558
Dijkstra,190462327,0.2508377
Dijkstra,190691373,0.0924244
Dijkstra,191238730,0.2597227
Dijkstra,191530935,0.1618897
Dijkstra,191663892,0.055618
Dijkstra,192005545,0.1530474
Dijkstra,192143354,0.061907
Dijkstra,192689180,0.2410499
Dijkstra,193194341,0.2288837
Dijkstra,193509655,0.1449045
Dijkstra,193963964,0.1852573
Dijkstra,194531604,0.2413978
Dijkstra,194798309,0.1066303
Dijkstra,194820671,0.008578
Dijkstra,195363176,0.2279989
Dijkstra,195442865,0.0307544
Dijkstra,195571452,0.077835
Dijkstra,195863200,0.1618472
Dijkstra,196154429,0.1194126
Dijkstra,196551076,0.1770575
Dijkstra,196797912,0.1081937
Dijkstra,197212486,0.1855551
Dijkstra,197739670,0.2695693
Dijkstra,197938846,0.0932054
Dijkstra,198457084,0.2226761
Dijkstra,198543588,0.0369298
Dijkstra,199078425,0.2419753
Dijkstra,199509365,0.1859126
Dijkstra,199768552,0.1093094
Dijkstra,200181594,0.1779987
Dijkstra,200654912,0.1919384
Dijkstra,200710385,0.0229081
Dijkstra,201134030,0.1784774
Dijkstra,201281080,0.0634147
Dijkstra,201501419,0.0882494
Dijkstra,201671686,0.0931986
Dijkstra,202021977,0.1589441
Dijkstra,202208102,0.1022928
Dijkstra,202644751,0.2027381
Dijkstra,202891814,0.1022109
Dijkstra,203413894,0.2243489
Dijkstra,203747262,0.1383681
Dijkstra,204059450,0.1598581
Dijkstra,204175461,0.0508945
Dijkstra,204588448,0.169702
Dijkstra,204786007,0.0897274
Dijkstra,205279674,0.215889
Dijkstra,205361363,0.0319739
Dijkstra,205925575,0.2977989
Dijkstra,206341689,0.1777486
Dijkstra,206903489,0.2951364
Dijkstra,207051637,0.0714722
Dijkstra,207327233,0.125719
Dijkstra,207891725,0.2518314
Dijkstra,208182243,0.1284632
Dijkstra,208732555,0.2570256
Dijkstra,209123425,0.1697271
Dijkstra,209385562,0.1104561
Dijkstra,209825544,0.1979516
Dijkstra,210274143,0.195724
Dijkstra,210782253,0.2348506
Dijkstra,210864851,0.0382477
Dijkstra,211170707,0.1289376
Dijkstra,211317103,0.0708572
Dijkstra,211411234,0.042221
Dijkstra,211878302,0.2018521
Dijkstra,212144322,0.108969
Dijkstra,212257412,0.0505872
Dijkstra,212663865,0.1723908
Dijkstra,212850520,0.0821613
Dijkstra,212905781,0.0207611
Dijkstra,213402047,0.2186796
Dijkstra,213640976,0.1156987
Dijkstra,214029212,0.1616138
Dijkstra,214540796,0.2217757
Dijkstra,214988309,0.2245225
Dijkstra,215435200,0.1893535
Dijkstra,215588051,0.0647823
Dijkstra,215700488,0.0530538
Dijkstra,216018197,0.1452862
Dijkstra,216483086,0.1953722
Dijkstra,216714501,0.0895489
Dijkstra,217035421,0.1262611
Dijkstra,217209072,0.0748616
Dijkstra,217342879,0.0548024
Dijkstra,217357506,0.005716
Dijkstra,217411997,0.0218324
Dijkstra,217950090,0.2616323
Dijkstra,218117007,0.0930149
Dijkstra,218487425,0.1601648
Dijkstra,218740942,0.1067949
Dijkstra,219056044,0.138773
Dijkstra,219109446,0.0224178
Dijkstra,219154527,0.0176712
Dijkstra,219363662,0.1006946
Dijkstra,219620681,0.1147563
Dijkstra,219756347,0.0634124
Dijkstra,219792961,0.0161601
Dijkstra,220131171,0.1380933
Dijkstra,220624068,0.2323062
Dijkstra,220902595,0.110438
Dijkstra,221165994,0.1001059
Dijkstra,221264317,0.0409071
Dijkstra,221711382,0.1906486
Dijkstra,222006257,0.1264017
Dijkstra,222529807,0.2228295
Dijkstra,222982961,0.2009646
Dijkstra,223057773,0.0301494
Dijkstra,223195376,0.0578943
Dijkstra,223627086,0.181618
Dijkstra,223907474,0.1232686
Dijkstra,224463333,0.2516132
Dijkstra,224644899,0.0921612
Dijkstra,225200984,0.24949
Dijkstra,225307402,0.0516919
Dijkstra,225873028,0.2518006
Dijkstra,226202737,0.1604831
Dijkstra,226590909,0.1777319
Dijkstra,226997995,0.1796316
Dijkstra,227197015,0.0869201
Dijkstra,227487198,0.1634181
Dijkstra,227577826,0.0387909
Dijkstra,227706951,0.0562513
Dijkstra,228097087,0.1743059
Dijkstra,228534570,0.1839259
Dijkstra,228653393,0.0509691
Dijkstra,228684302,0.0113557
Dijkstra,229186848,0.258654
Dijkstra,229485618,0.1568693
Dijkstra,229743646,0.1054505
Dijkstra,229823789,0.0531943
Dijkstra,230248998,0.2117715
Dijkstra,230446691,0.0888948
Dijkstra,230468337,0.0081335
Dijkstra,230966221,0.1993621
Dijkstra,231458252,0.2175842
Dijkstra,231602479,0.0583042
Dijkstra,231780060,0.0764588
Dijkstra,232085355,0.1404413
Dijkstra,232110586,0.0095439
Dijkstra,232130591,0.0077472
Dijkstra,232160705,0.0108198
Dijkstra,232517953,0.1618737
Dijkstra,232999489,0.2082339
Dijkstra,233149828,0.0649916
Dijkstra,233467442,0.1437694
Dijkstra,233856963,0.1710419
Dijkstra,234355768,0.2185798
Dijkstra,234913205,0.268727
Dijkstra,234998567,0.0395583
Dijkstra,235537883,0.2268911
Dijkstra,235772821,0.0902206
Dijkstra,235953990,0.0845044
Dijkstra,236139170,0.0821794
Dijkstra,236465814,0.1330168
Dijkstra,236540839,0.0312792
Dijkstra,236867213,0.1524772
Dijkstra,236996819,0.0676815
Dijkstra,237189495,0.0983742
Dijkstra,237652599,0.197607
Dijkstra,237968726,0.1516275
Dijkstra,238107182,0.0663157
Dijkstra,238473144,0.1666782
Dijkstra,238676287,0.0929794
Dijkstra,238728610,0.0268903
Dijkstra,239113103,0.2059641
Dijkstra,239539828,0.3178523
Dijkstra,239555266,0.0074813
Dijkstra,239999578,0.2936744
Dijkstra,240009652,0.004859
Dijkstra,240299707,0.170745
Dijkstra,240374553,0.0365399
Dijkstra,240617440,0.1267661
Dijkstra,240712473,0.0598809
Dijkstra,241241693,0.3202716
Dijkstra,241482527,0.1535412
Dijkstra,241751956,0.1624099
Dijkstra,241948490,0.1038526
Dijkstra,241978325,0.0131189
Dijkstra,242310089,0.1878082
Dijkstra,242366644,0.0245196
Dijkstra,242720953,0.2088914
Dijkstra,242920329,0.1089804
Dijkstra,243472274,0.3519301
Dijkstra,243880291,0.2197222
Dijkstra,244172703,0.1780037
Dijkstra,244207400,0.0197833
Dijkstra,244274698,0.0320413
Dijkstra,244549099,0.1210645
Dijkstra,245048064,0.2036602
Dijkstra,245340241,0.13042
Dijkstra,245646892,0.141193
Dijkstra,245899813,0.1129695
Dijkstra,246457619,0.2340239
Dijkstra,246461592,0.0022607
Dijkstra,246582757,0.051062
Dijkstra,246963405,0.2097098
Dijkstra,247091832,0.0708704
Dijkstra,247124843,0.0167847
Dijkstra,247249014,0.0606801
Dijkstra,247694003,0.2065934
Dijkstra,247783944,0.0438543
Dijkstra,248130987,0.1606952
Dijkstra,248312917,0.0807607
Dijkstra,248513703,0.1077527
Dijkstra,248884603,0.2556776
Dijkstra,249050681,0.0926946
Dijkstra,249314267,0.1372558
Dijkstra,249461608,0.0760973
Dijkstra,249753566,0.1220582
Dijkstra,249975632,0.1067964
Dijkstra,250381382,0.1989981
Dijkstra,250707615,0.1457942
Dijkstra,250845604,0.0611748
Dijkstra,251006922,0.0773235
Dijkstra,251087220,0.0329415
Dijkstra,251614202,0.246343
Dijkstra,251641795,0.0163751
Dijkstra,251890728,0.1076359
Dijkstra,252438883,0.2192313
Dijkstra,252798911,0.1569171
Dijkstra,253229980,0.1940065
Dijkstra,253753705,0.2344496
Dijkstra,254138678,0.1711835
Dijkstra,254621319,0.2035694
Dijkstra,255063014,0.1836513
Dijkstra,255293843,0.0954505
Dijkstra,255407479,0.0414575
Dijkstra,255461756,0.0200338
Dijkstra,255981641,0.2642611
Dijkstra,256472802,0.2257067
Dijkstra,256679966,0.0922204
Dijkstra,256693233,0.0079894
Dijkstra,257209765,0.2195001
Dijkstra,257450435,0.1054243
Dijkstra,257542683,0.0408961
Dijkstra,257771599,0.1037435
Dijkstra,258117175,0.1662051
Dijkstra,258273775,0.0737493
Dijkstra,258577187,0.1723458
Dijkstra,259035001,0.1978978
Dijkstra,259490322,0.196977
Dijkstra,259975223,0.2187732
Dijkstra,260250552,0.1357713
Dijkstra,260646378,0.2246096
Dijkstra,260748428,0.0524323
Dijkstra,261253432,0.2599719
Dijkstra,261826698,0.2738875
Dijkstra,262010907,0.0823792
Dijkstra,262033849,0.0096607
Dijkstra,262335508,0.1221292
Dijkstra,262561175,0.0950716
Dijkstra,263069638,0.2195953
Dijkstra,263157900,0.0383959
Dijkstra,263539442,0.1891602
Dijkstra,263977432,0.2032109
Dijkstra,264499065,0.2321537
Dijkstra,264966718,0.2103569
Dijkstra,264981513,0.005917
Dijkstra,265313418,0.1445117
Dijkstra,265825120,0.2342872
Dijkstra,266357318,0.2364027
Dijkstra,266811788,0.2010639
Dijkstra,267273554,0.1989337
Dijkstra,267485143,0.092377
Dijkstra,267489822,0.0030794
Dijkstra,267782715,0.1338065
Dijkstra,267849660,0.0279723
Dijkstra,268356940,0.2158092
Dijkstra,268881136,0.2307406
Dijkstra,269389460,0.2771205
Dijkstra,269434900,0.0171469
Dijkstra,269792189,0.1563967
Dijkstra,269883732,0.0389047
Dijkstra,270194743,0.1368066
Dijkstra,270624031,0.187993
Dijkstra,271004342,0.1792776
Dijkstra,271217734,0.1133545
Dijkstra,271343978,0.0689525
Dijkstra,271761155,0.1785951
Dijkstra,271983687,0.099453
Dijkstra,272144847,0.0676098
Dijkstra,272540524,0.1835636
Dijkstra,273031529,0.2199742
Dijkstra,273102630,0.0299441
Dijkstra,273352177,0.1111828
Dijkstra,273529191,0.0744385
Dijkstra,273643490,0.0576121
Dijkstra,274056062,0.194752
Dijkstra,274273448,0.0968161
Dijkstra,274702400,0.191585
Dijkstra,274776738,0.0335625
Dijkstra,274839499,0.0270859
Dijkstra,274946846,0.0431214
Dijkstra,275165300,0.09623
Dijkstra,275168514,0.0017836
Dijkstra,275606961,0.1850303
Dijkstra,276049283,0.1960391
Dijkstra,276311628,0.0986658
Dijkstra,276425802,0.0500362
Dijkstra,276938111,0.2131821
Dijkstra,277096830,0.0651715
Dijkstra,277662446,0.2574563
Dijkstra,277955434,0.1274361
Dijkstra,278409239,0.2087989
Dijkstra,278721351,0.1641535
Dijkstra,279003320,0.1237976
Dijkstra,279148174,0.059972
Dijkstra,279656734,0.2242177
Dijkstra,279795217,0.0570218
Dijkstra,280032097,0.1078027
Dijkstra,280037528,0.0073529
Dijkstra,280293812,0.1281114
Dijkstra,280416857,0.0623293
Dijkstra,280510860,0.0450867
Dijkstra,280699855,0.1003864
Dijkstra,281127740,0.1834759
Dijkstra,281634872,0.2565251
Dijkstra,282062559,0.1747447
Dijkstra,282500167,0.2374159
Dijkstra,282920442,0.1865877
Dijkstra,283400299,0.2056474
Dijkstra,283506662,0.0395046
Dijkstra,283621571,0.0451196
Dijkstra,283694857,0.0316775
Dijkstra,283752162,0.0247142
Dijkstra,284141486,0.1617146
Dijkstra,284689193,0.2365713
Dijkstra,285129977,0.1983598
Dijkstra,285193221,0.0248485
Dijkstra,285455604,0.1105223
Dijkstra,285486691,0.0113052
Dijkstra,285983574,0.225839
Dijkstra,286178931,0.0841591
Dijkstra,286319459,0.060042
Dijkstra,286596249,0.1221167
Dijkstra,286771357,0.0773936
Dijkstra,287152925,0.158574
Dijkstra,287705719,0.2508227
Dijkstra,287834594,0.053856
Dijkstra,287974637,0.060629
Dijkstra,288521796,0.2240148
Dijkstra,288597446,0.0327027
